CustomerID,Age,Gender,Tenure,MonthlyCharges,ContractType,Churn
1,22,Male,64.0,561.0,Monthly,No
2,23,Female,46.0,733.0,Yearly,Yes
3,35,Male,5.0,824.0,Two-Year,Yes
4,26,Male,50.0,1692.0,Monthly,No
5,62,Male,46.0,905.0,Monthly,No
6,67,Female,66.0,935.0,Monthly,No
7,64,Male,13.0,1340.0,Yearly,Yes
8,69,Female,53.0,1156.0,Yearly,No
9,62,Male,61.0,212.0,Monthly,Yes
10,52,Male,15.0,1813.0,Two-Year,No
11,38,Female,32.0,1154.0,Yearly,No
12,39,Male,65.0,1714.0,Yearly,No
13,50,Male,16.0,1548.0,Monthly,No
14,37,Female,17.0,523.0,Yearly,Yes
15,67,Female,41.0,1167.0,Yearly,Yes
16,60,Male,70.0,741.0,Yearly,No
17,54,Male,56.0,331.0,Two-Year,No
18,39,Female,17.0,1323.0,Monthly,No
19,29,Female,53.0,1443.0,Yearly,No
20,49,Female,,1327.0,Two-Year,No
21,57,Male,41.0,1634.0,Yearly,No
22,41,Female,63.0,1367.0,Two-Year,No
23,22,Female,21.0,880.0,Monthly,Yes
24,37,Female,23.0,587.0,Yearly,Yes
25,33,Female,66.0,1946.0,Two-Year,No
26,59,Male,10.0,1385.0,Yearly,Yes
27,53,Male,59.0,400.0,Two-Year,No
28,19,Female,63.0,265.0,Yearly,Yes
29,37,Male,15.0,1849.0,Two-Year,Yes
30,57,Male,1.0,1527.0,Yearly,No
31,27,Female,62.0,1560.0,Two-Year,No
32,46,Female,,935.0,Yearly,Yes
33,58,Female,12.0,816.0,Two-Year,No
34,34,Female,,943.0,Monthly,Yes
35,61,Female,9.0,522.0,Two-Year,Yes
36,39,Female,55.0,1030.0,Two-Year,No
37,21,Female,67.0,1630.0,Yearly,Yes
38,41,Female,46.0,,Two-Year,No
39,67,Male,61.0,1527.0,Monthly,Yes
40,39,Male,31.0,841.0,Two-Year,Yes
41,67,Male,27.0,1497.0,Monthly,No
42,40,Male,4.0,1284.0,Two-Year,Yes
43,42,Female,64.0,512.0,Monthly,No
44,21,Male,15.0,1270.0,Two-Year,Yes
45,54,Male,3.0,1462.0,Two-Year,No
46,21,Male,16.0,1097.0,Yearly,No
47,67,Male,50.0,743.0,Yearly,Yes
48,65,Male,39.0,1552.0,Two-Year,No
49,25,Female,25.0,381.0,Two-Year,No
50,46,Male,49.0,1860.0,Monthly,No
51,58,Male,21.0,1459.0,Two-Year,No
52,65,Male,32.0,1864.0,Two-Year,No
53,26,Female,21.0,1287.0,Yearly,No
54,69,Female,5.0,1382.0,Two-Year,Yes
55,24,Female,53.0,235.0,Two-Year,No
56,26,Female,28.0,,Yearly,No
57,23,Female,28.0,1114.0,Monthly,No
58,36,Male,62.0,742.0,Monthly,No
59,23,Male,43.0,422.0,Two-Year,No
60,31,Male,33.0,1520.0,Two-Year,Yes
61,22,Male,46.0,1193.0,Yearly,No
62,56,Male,38.0,,Two-Year,No
63,57,Male,51.0,1879.0,Two-Year,No
64,58,Male,45.0,1613.0,Monthly,Yes
65,54,Female,26.0,1290.0,Yearly,Yes
66,44,Female,49.0,,Yearly,No
67,37,Female,17.0,1741.0,Monthly,Yes
68,57,Female,17.0,1201.0,Yearly,Yes
69,66,Male,59.0,1539.0,Yearly,No
70,52,Male,21.0,210.0,Two-Year,No
71,28,Male,49.0,1364.0,Yearly,Yes
72,67,Female,54.0,789.0,Yearly,No
73,67,Female,21.0,783.0,Two-Year,Yes
74,36,Female,4.0,920.0,Two-Year,Yes
75,54,Male,17.0,,Yearly,No
76,48,Female,46.0,811.0,Yearly,Yes
77,23,Female,12.0,,Yearly,No
78,30,Female,9.0,1136.0,Yearly,No
79,40,Female,68.0,313.0,Two-Year,No
80,27,Male,53.0,495.0,Monthly,No
81,40,Male,68.0,1748.0,Two-Year,No
82,63,Male,35.0,327.0,Yearly,No
83,22,Female,42.0,984.0,Monthly,Yes
84,65,Female,61.0,317.0,Two-Year,No
85,54,Female,47.0,1999.0,Two-Year,No
86,34,Female,5.0,1902.0,Yearly,No
87,54,Female,,1169.0,Yearly,Yes
88,65,Female,47.0,1352.0,Two-Year,No
89,55,Female,18.0,1572.0,Two-Year,No
90,45,Male,17.0,332.0,Yearly,Yes
91,69,Male,60.0,307.0,Two-Year,No
92,26,Male,13.0,1781.0,Yearly,No
93,48,Female,50.0,1368.0,Two-Year,No
94,60,Male,21.0,1410.0,Two-Year,No
95,38,Female,52.0,1837.0,Yearly,No
96,42,Male,56.0,265.0,Two-Year,No
97,60,Male,7.0,1328.0,Monthly,Yes
98,46,Male,21.0,264.0,Two-Year,Yes
99,44,Female,17.0,1373.0,Yearly,No
100,41,Female,41.0,518.0,Two-Year,No
101,62,Male,48.0,499.0,Monthly,No
102,53,Male,29.0,669.0,Two-Year,No
103,33,Female,45.0,1164.0,Monthly,Yes
104,27,Male,30.0,1433.0,Two-Year,No
105,60,Female,68.0,1365.0,Yearly,Yes
106,29,Male,36.0,1494.0,Yearly,No
107,46,Female,67.0,1490.0,Two-Year,Yes
108,38,Female,52.0,337.0,Yearly,No
109,66,Male,14.0,1441.0,Monthly,No
110,41,Male,3.0,1667.0,Two-Year,Yes
111,34,Male,4.0,1005.0,Yearly,No
112,31,Male,,1655.0,Yearly,No
113,40,Female,17.0,1148.0,Two-Year,Yes
114,49,Male,51.0,1706.0,Monthly,Yes
115,57,Male,20.0,706.0,Two-Year,Yes
116,30,Female,12.0,240.0,Monthly,No
117,44,Female,40.0,741.0,Two-Year,No
118,54,Male,15.0,438.0,Yearly,No
119,35,Male,16.0,546.0,Two-Year,Yes
120,53,Female,23.0,1346.0,Yearly,No
121,33,Male,25.0,663.0,Monthly,No
122,42,Female,4.0,1506.0,Monthly,Yes
123,68,Female,7.0,1810.0,Yearly,Yes
124,55,Female,13.0,1421.0,Yearly,No
125,31,Male,57.0,1626.0,Two-Year,No
126,56,Female,46.0,1849.0,Monthly,No
127,59,Female,34.0,808.0,Two-Year,No
128,20,Female,23.0,739.0,Monthly,No
129,64,Female,58.0,1446.0,Yearly,No
130,34,Male,1.0,1372.0,Monthly,Yes
131,36,Female,1.0,311.0,Two-Year,Yes
132,30,Female,33.0,634.0,Monthly,Yes
133,18,Female,30.0,1170.0,Two-Year,No
134,56,Female,36.0,301.0,Two-Year,No
135,49,Female,44.0,729.0,Two-Year,No
136,46,Male,72.0,1686.0,Monthly,Yes
137,50,Female,46.0,774.0,Two-Year,No
138,69,Female,51.0,1045.0,Monthly,Yes
139,49,Male,65.0,515.0,Two-Year,No
140,52,Female,49.0,1388.0,Yearly,No
141,38,Female,58.0,,Yearly,No
142,42,Female,25.0,1193.0,Two-Year,No
143,32,Male,8.0,1744.0,Monthly,Yes
144,29,Female,59.0,722.0,Monthly,Yes
145,32,Female,58.0,905.0,Monthly,No
146,45,Female,45.0,1829.0,Yearly,Yes
147,53,Male,20.0,772.0,Monthly,No
148,37,Male,64.0,1407.0,Two-Year,No
149,38,Male,20.0,1114.0,Yearly,No
150,48,Male,42.0,603.0,Monthly,Yes
151,66,Female,41.0,1298.0,Monthly,No
152,54,Female,11.0,1340.0,Two-Year,No
153,37,Male,17.0,825.0,Two-Year,Yes
154,33,Female,3.0,1313.0,Two-Year,Yes
155,41,Male,9.0,1294.0,Yearly,Yes
156,27,Female,70.0,1565.0,Monthly,Yes
157,36,Female,45.0,1281.0,Monthly,No
158,42,Female,11.0,1153.0,Yearly,Yes
159,46,Male,1.0,1785.0,Monthly,No
160,34,Female,62.0,1439.0,Monthly,No
161,21,Male,62.0,623.0,Yearly,Yes
162,66,Female,,1831.0,Two-Year,Yes
163,62,Male,72.0,,Yearly,Yes
164,61,Male,18.0,1083.0,Two-Year,No
165,46,Female,32.0,1656.0,Monthly,No
166,30,Female,54.0,1007.0,Monthly,Yes
167,30,Female,62.0,1421.0,Monthly,No
168,70,Female,5.0,1549.0,Monthly,Yes
169,51,Male,60.0,482.0,Two-Year,No
170,70,Female,36.0,541.0,Two-Year,No
171,69,Female,9.0,1354.0,Yearly,Yes
172,34,Male,44.0,802.0,Monthly,Yes
173,31,Male,71.0,1204.0,Two-Year,No
174,48,Male,59.0,1633.0,Monthly,Yes
175,49,Male,9.0,1325.0,Two-Year,No
176,46,Male,48.0,715.0,Two-Year,No
177,39,Female,35.0,1076.0,Two-Year,No
178,36,Female,29.0,1923.0,Two-Year,No
179,33,Female,66.0,1602.0,Yearly,No
180,36,Female,54.0,710.0,Monthly,No
181,60,Male,71.0,1600.0,Yearly,Yes
182,66,Male,34.0,325.0,Monthly,Yes
183,47,Male,46.0,1551.0,Two-Year,No
184,70,Male,12.0,1365.0,Yearly,Yes
185,20,Female,58.0,1110.0,Two-Year,No
186,33,Female,36.0,267.0,Two-Year,No
187,62,Female,60.0,815.0,Yearly,Yes
188,38,Male,39.0,844.0,Yearly,Yes
189,39,Male,16.0,1975.0,Yearly,Yes
190,52,Female,21.0,1153.0,Yearly,Yes
191,38,Female,69.0,712.0,Two-Year,No
192,19,Male,39.0,476.0,Two-Year,No
193,33,Male,12.0,889.0,Yearly,No
194,27,Female,25.0,962.0,Yearly,Yes
195,27,Male,57.0,1527.0,Two-Year,No
196,39,Female,44.0,1817.0,Monthly,No
197,45,Male,63.0,1582.0,Yearly,Yes
198,49,Female,,933.0,Yearly,Yes
199,30,Female,12.0,619.0,Monthly,No
200,24,Female,66.0,590.0,Two-Year,No
201,65,Female,70.0,1539.0,Monthly,Yes
202,43,Male,53.0,863.0,Monthly,Yes
203,30,Male,36.0,532.0,Monthly,Yes
204,25,Male,37.0,1576.0,Yearly,No
205,54,Female,33.0,1805.0,Yearly,No
206,21,Male,49.0,780.0,Yearly,No
207,58,Female,45.0,256.0,Two-Year,No
208,47,Female,23.0,1589.0,Yearly,No
209,22,Female,62.0,489.0,Two-Year,Yes
210,18,Male,6.0,810.0,Yearly,Yes
211,70,Male,41.0,1282.0,Two-Year,No
212,52,Male,11.0,1451.0,Monthly,Yes
213,18,Female,53.0,583.0,Yearly,Yes
214,60,Male,49.0,1157.0,Two-Year,No
215,50,Female,5.0,1970.0,Yearly,Yes
216,47,Male,16.0,961.0,Monthly,Yes
217,35,Female,57.0,1582.0,Monthly,Yes
218,66,Female,52.0,681.0,Yearly,No
219,54,Male,58.0,1600.0,Yearly,No
220,44,Female,40.0,,Monthly,Yes
221,32,Male,71.0,866.0,Monthly,No
222,51,Male,72.0,1484.0,Two-Year,No
223,70,Female,72.0,946.0,Two-Year,No
224,19,Male,62.0,1795.0,Yearly,No
225,25,Female,72.0,844.0,Two-Year,No
226,63,Female,44.0,1554.0,Monthly,No
227,60,Female,33.0,1369.0,Monthly,No
228,26,Male,39.0,1179.0,Monthly,Yes
229,36,Female,14.0,1725.0,Yearly,No
230,24,Female,11.0,1085.0,Two-Year,Yes
231,56,Male,43.0,1989.0,Two-Year,No
232,30,Female,67.0,1592.0,Yearly,No
233,47,Male,70.0,513.0,Two-Year,No
234,41,Male,41.0,856.0,Yearly,Yes
235,23,Male,43.0,1674.0,Yearly,No
236,28,Male,20.0,336.0,Yearly,No
237,30,Male,21.0,282.0,Yearly,No
238,61,Male,52.0,334.0,Two-Year,No
239,61,Male,67.0,514.0,Yearly,No
240,57,Female,32.0,1648.0,Two-Year,Yes
241,40,Female,20.0,1777.0,Yearly,Yes
242,67,Male,2.0,1081.0,Monthly,Yes
243,59,Male,34.0,1124.0,Two-Year,No
244,41,Male,7.0,363.0,Yearly,Yes
245,63,Female,28.0,968.0,Two-Year,No
246,51,Female,47.0,1271.0,Two-Year,No
247,20,Female,2.0,1340.0,Two-Year,No
248,34,Male,22.0,,Yearly,No
249,43,Male,69.0,1930.0,Yearly,No
250,56,Female,22.0,612.0,Yearly,Yes
251,67,Male,63.0,944.0,Two-Year,No
252,21,Male,66.0,460.0,Monthly,Yes
253,69,Male,35.0,703.0,Monthly,No
254,26,Female,5.0,445.0,Yearly,No
255,35,Male,42.0,1731.0,Two-Year,No
256,21,Female,24.0,563.0,Two-Year,Yes
257,25,Female,1.0,1309.0,Two-Year,Yes
258,61,Female,4.0,1662.0,Yearly,Yes
259,55,Male,62.0,1737.0,Two-Year,No
260,23,Female,56.0,1189.0,Yearly,No
261,54,Male,29.0,922.0,Two-Year,No
262,42,Female,62.0,1300.0,Two-Year,No
263,55,Female,18.0,1317.0,Monthly,Yes
264,63,Male,70.0,1059.0,Yearly,Yes
265,43,Female,62.0,556.0,Yearly,Yes
266,18,Male,34.0,424.0,Two-Year,No
267,48,Male,,1549.0,Two-Year,No
268,64,Female,,1978.0,Monthly,No
269,45,Male,49.0,1592.0,Monthly,Yes
270,66,Male,,1573.0,Yearly,No
271,53,Female,23.0,527.0,Monthly,Yes
272,64,Male,70.0,375.0,Monthly,No
273,29,Male,2.0,793.0,Monthly,Yes
274,18,Female,13.0,1219.0,Monthly,Yes
275,32,Male,65.0,732.0,Yearly,Yes
276,50,Male,5.0,603.0,Two-Year,Yes
277,41,Female,18.0,1522.0,Yearly,Yes
278,25,Female,31.0,1263.0,Two-Year,No
279,42,Female,47.0,1561.0,Yearly,Yes
280,70,Male,25.0,541.0,Yearly,Yes
281,21,Male,1.0,272.0,Yearly,Yes
282,67,Male,45.0,1539.0,Two-Year,No
283,38,Male,72.0,1806.0,Monthly,Yes
284,67,Male,45.0,338.0,Yearly,Yes
285,39,Male,6.0,460.0,Yearly,Yes
286,67,Male,1.0,1828.0,Two-Year,Yes
287,53,Female,,1564.0,Yearly,No
288,33,Female,39.0,1583.0,Two-Year,No
289,47,Male,44.0,1952.0,Monthly,No
290,29,Female,9.0,525.0,Yearly,Yes
291,19,Male,28.0,1702.0,Two-Year,No
292,25,Male,46.0,695.0,Monthly,No
293,63,Male,7.0,632.0,Yearly,Yes
294,53,Female,36.0,1845.0,Monthly,Yes
295,35,Female,33.0,1798.0,Two-Year,No
296,60,Female,61.0,1196.0,Monthly,Yes
297,58,Female,3.0,1730.0,Monthly,Yes
298,31,Male,38.0,1875.0,Monthly,Yes
299,53,Male,69.0,745.0,Yearly,No
300,32,Male,35.0,1523.0,Two-Year,No
301,53,Male,16.0,1239.0,Two-Year,Yes
302,49,Female,8.0,1163.0,Yearly,Yes
303,39,Female,66.0,1496.0,Two-Year,No
304,69,Male,68.0,1386.0,Monthly,Yes
305,47,Female,50.0,1616.0,Two-Year,No
306,38,Female,4.0,216.0,Two-Year,Yes
307,43,Male,51.0,764.0,Two-Year,No
308,57,Female,34.0,1290.0,Monthly,No
309,41,Female,44.0,1409.0,Monthly,Yes
310,55,Female,32.0,556.0,Monthly,No
311,54,Female,60.0,595.0,Yearly,Yes
312,50,Female,8.0,1095.0,Two-Year,Yes
313,63,Male,53.0,946.0,Monthly,Yes
314,61,Female,21.0,1486.0,Yearly,Yes
315,39,Male,62.0,1108.0,Monthly,No
316,45,Female,,681.0,Monthly,Yes
317,33,Female,39.0,1635.0,Yearly,Yes
318,54,Female,66.0,897.0,Monthly,Yes
319,41,Male,61.0,220.0,Yearly,No
320,54,Female,62.0,1431.0,Two-Year,No
321,32,Male,24.0,550.0,Yearly,Yes
322,37,Female,63.0,1352.0,Two-Year,No
323,37,Male,68.0,1742.0,Yearly,No
324,54,Male,49.0,1313.0,Two-Year,No
325,29,Male,30.0,742.0,Monthly,No
326,25,Male,17.0,517.0,Monthly,No
327,70,Female,14.0,1362.0,Two-Year,No
328,31,Female,15.0,1821.0,Yearly,No
329,44,Male,5.0,1772.0,Yearly,Yes
330,46,Female,62.0,1468.0,Monthly,Yes
331,62,Female,,1206.0,Yearly,Yes
332,44,Male,44.0,,Monthly,Yes
333,67,Male,34.0,822.0,Yearly,No
334,34,Female,7.0,1615.0,Two-Year,Yes
335,40,Male,34.0,753.0,Two-Year,No
336,52,Male,46.0,517.0,Monthly,Yes
337,38,Female,70.0,1261.0,Yearly,No
338,42,Male,,1801.0,Two-Year,No
339,54,Female,12.0,879.0,Two-Year,Yes
340,46,Male,69.0,1340.0,Monthly,No
341,61,Female,53.0,1839.0,Monthly,No
342,53,Female,34.0,912.0,Two-Year,No
343,34,Female,51.0,1903.0,Yearly,No
344,39,Male,37.0,509.0,Two-Year,No
345,41,Male,14.0,1085.0,Two-Year,No
346,38,Female,29.0,965.0,Monthly,No
347,61,Male,41.0,618.0,Yearly,Yes
348,59,Male,7.0,1421.0,Two-Year,No
349,43,Male,52.0,213.0,Yearly,No
350,20,Male,65.0,308.0,Monthly,No
351,23,Male,43.0,1351.0,Two-Year,Yes
352,52,Male,60.0,681.0,Two-Year,No
353,46,Male,22.0,1449.0,Yearly,No
354,53,Male,50.0,2000.0,Yearly,Yes
355,42,Male,10.0,1268.0,Two-Year,No
356,22,Male,4.0,1143.0,Yearly,No
357,24,Male,70.0,673.0,Two-Year,No
358,66,Female,34.0,1922.0,Yearly,Yes
359,30,Male,7.0,366.0,Monthly,Yes
360,23,Male,31.0,928.0,Monthly,No
361,60,Female,3.0,417.0,Yearly,Yes
362,57,Male,48.0,428.0,Yearly,No
363,38,Female,16.0,1805.0,Two-Year,Yes
364,62,Female,39.0,674.0,Two-Year,No
365,44,Male,48.0,1542.0,Monthly,Yes
366,42,Female,44.0,409.0,Monthly,No
367,51,Male,43.0,200.0,Yearly,Yes
368,28,Male,46.0,1716.0,Monthly,No
369,21,Male,11.0,1579.0,Monthly,Yes
370,68,Male,70.0,1226.0,Monthly,No
371,66,Female,5.0,744.0,Two-Year,No
372,42,Female,67.0,1514.0,Two-Year,No
373,18,Female,10.0,392.0,Yearly,No
374,28,Female,26.0,269.0,Yearly,Yes
375,50,Female,38.0,1666.0,Two-Year,No
376,30,Female,25.0,474.0,Two-Year,No
377,57,Male,54.0,1834.0,Yearly,Yes
378,50,Male,9.0,1557.0,Two-Year,No
379,36,Female,53.0,1506.0,Two-Year,No
380,20,Male,10.0,997.0,Yearly,No
381,21,Female,42.0,1223.0,Two-Year,No
382,40,Male,22.0,2000.0,Monthly,Yes
383,29,Female,57.0,,Two-Year,No
384,46,Female,58.0,1663.0,Two-Year,No
385,56,Male,53.0,1591.0,Monthly,No
386,55,Male,60.0,809.0,Two-Year,No
387,29,Male,21.0,1550.0,Yearly,No
388,40,Male,14.0,1950.0,Yearly,Yes
389,37,Male,69.0,284.0,Yearly,Yes
390,69,Female,3.0,459.0,Yearly,Yes
391,63,Male,35.0,419.0,Two-Year,No
392,62,Female,58.0,1360.0,Two-Year,No
393,51,Female,22.0,1692.0,Yearly,Yes
394,18,Male,34.0,926.0,Monthly,No
395,56,Male,4.0,1737.0,Yearly,No
396,34,Female,37.0,1721.0,Two-Year,No
397,19,Male,61.0,1853.0,Yearly,Yes
398,49,Female,17.0,1942.0,Monthly,Yes
399,20,Male,54.0,386.0,Two-Year,No
400,41,Female,21.0,559.0,Monthly,No
401,67,Male,61.0,278.0,Yearly,No
402,36,Male,68.0,,Two-Year,No
403,64,Female,63.0,1635.0,Monthly,Yes
404,50,Female,58.0,562.0,Two-Year,No
405,61,Female,37.0,254.0,Monthly,Yes
406,51,Female,39.0,1210.0,Monthly,No
407,56,Male,64.0,1154.0,Monthly,No
408,49,Female,12.0,937.0,Monthly,No
409,53,Female,44.0,808.0,Monthly,Yes
410,57,Male,36.0,1299.0,Two-Year,No
411,50,Male,4.0,766.0,Monthly,Yes
412,45,Male,32.0,1127.0,Yearly,No
413,40,Female,54.0,880.0,Yearly,Yes
414,48,Female,11.0,1644.0,Yearly,Yes
415,35,Female,36.0,546.0,Monthly,Yes
416,30,Female,31.0,1523.0,Two-Year,No
417,38,Female,9.0,,Monthly,Yes
418,37,Male,35.0,,Two-Year,No
419,30,Female,65.0,1239.0,Yearly,No
420,53,Male,,263.0,Monthly,Yes
421,68,Female,15.0,1780.0,Yearly,Yes
422,44,Male,34.0,1990.0,Two-Year,No
423,24,Male,39.0,1246.0,Two-Year,No
424,21,Male,56.0,1171.0,Two-Year,No
425,50,Female,14.0,391.0,Two-Year,Yes
426,62,Male,31.0,1158.0,Two-Year,No
427,33,Female,50.0,1825.0,Two-Year,No
428,35,Female,27.0,1441.0,Monthly,No
429,53,Female,27.0,1643.0,Two-Year,No
430,61,Male,22.0,1815.0,Two-Year,Yes
431,49,Female,25.0,1378.0,Monthly,No
432,65,Female,61.0,1912.0,Two-Year,No
433,21,Male,35.0,1501.0,Monthly,No
434,25,Female,7.0,,Two-Year,Yes
435,40,Male,4.0,669.0,Yearly,Yes
436,51,Male,24.0,579.0,Yearly,No
437,60,Male,50.0,1605.0,Yearly,No
438,69,Female,58.0,929.0,Two-Year,No
439,20,Female,60.0,535.0,Monthly,No
440,66,Male,9.0,1141.0,Monthly,Yes
441,20,Female,67.0,1713.0,Monthly,No
442,50,Male,24.0,1651.0,Monthly,Yes
443,47,Female,67.0,990.0,Yearly,No
444,41,Female,31.0,261.0,Monthly,No
445,32,Female,21.0,420.0,Two-Year,No
446,52,Female,23.0,1604.0,Yearly,No
447,70,Female,22.0,1527.0,Monthly,No
448,36,Male,42.0,371.0,Two-Year,Yes
449,35,Male,34.0,,Yearly,No
450,63,Male,29.0,989.0,Monthly,Yes
451,39,Male,,536.0,Yearly,No
452,27,Male,15.0,872.0,Monthly,Yes
453,68,Female,25.0,653.0,Yearly,No
454,39,Male,58.0,1577.0,Two-Year,No
455,60,Male,72.0,207.0,Yearly,Yes
456,18,Female,49.0,1432.0,Yearly,No
457,41,Female,49.0,475.0,Two-Year,No
458,29,Female,53.0,974.0,Yearly,No
459,57,Female,69.0,292.0,Monthly,Yes
460,60,Female,61.0,564.0,Two-Year,No
461,33,Male,15.0,1285.0,Yearly,No
462,44,Female,52.0,1564.0,Two-Year,Yes
463,69,Female,15.0,1023.0,Two-Year,No
464,36,Male,53.0,944.0,Monthly,No
465,61,Female,10.0,1954.0,Two-Year,No
466,21,Male,24.0,1112.0,Monthly,No
467,18,Female,19.0,788.0,Yearly,No
468,54,Female,69.0,401.0,Two-Year,Yes
469,31,Male,61.0,931.0,Yearly,Yes
470,56,Male,15.0,1080.0,Two-Year,No
471,39,Male,54.0,389.0,Monthly,No
472,63,Male,9.0,1305.0,Yearly,No
473,50,Female,70.0,662.0,Yearly,No
474,32,Female,50.0,1611.0,Yearly,No
475,48,Male,16.0,,Monthly,Yes
476,38,Female,48.0,,Yearly,No
477,38,Male,23.0,1924.0,Yearly,No
478,38,Female,34.0,375.0,Monthly,No
479,31,Female,5.0,1344.0,Two-Year,Yes
480,58,Male,12.0,1480.0,Monthly,No
481,67,Female,38.0,1216.0,Two-Year,No
482,20,Female,44.0,1503.0,Two-Year,No
483,68,Male,9.0,424.0,Two-Year,Yes
484,33,Female,33.0,948.0,Two-Year,No
485,63,Female,61.0,1614.0,Two-Year,No
486,69,Female,44.0,1136.0,Yearly,No
487,20,Male,,1468.0,Two-Year,No
488,70,Female,54.0,1859.0,Two-Year,No
489,47,Male,42.0,213.0,Yearly,No
490,67,Male,41.0,1243.0,Yearly,Yes
491,60,Male,71.0,815.0,Two-Year,No
492,41,Female,49.0,1347.0,Monthly,No
493,69,Female,6.0,1720.0,Monthly,Yes
494,39,Male,19.0,1248.0,Yearly,No
495,67,Male,67.0,422.0,Two-Year,No
496,52,Female,13.0,251.0,Monthly,Yes
497,24,Male,62.0,300.0,Yearly,No
498,44,Female,52.0,1142.0,Two-Year,No
499,65,Female,63.0,1493.0,Monthly,No
500,63,Female,37.0,1005.0,Yearly,No
501,70,Male,66.0,1478.0,Yearly,No
502,18,Male,70.0,1606.0,Two-Year,No
503,37,Female,16.0,1770.0,Monthly,No
504,50,Female,30.0,1671.0,Two-Year,No
505,64,Female,71.0,1133.0,Monthly,No
506,28,Female,16.0,809.0,Two-Year,Yes
507,61,Female,3.0,1066.0,Yearly,Yes
508,55,Male,35.0,1214.0,Monthly,No
509,44,Male,15.0,1644.0,Two-Year,Yes
510,19,Female,17.0,1797.0,Two-Year,Yes
511,44,Male,36.0,448.0,Monthly,No
512,65,Male,64.0,1812.0,Monthly,Yes
513,70,Female,30.0,387.0,Two-Year,No
514,59,Female,9.0,1362.0,Two-Year,No
515,59,Female,27.0,1844.0,Two-Year,No
516,62,Female,56.0,1184.0,Two-Year,No
517,55,Female,47.0,1262.0,Two-Year,No
518,46,Female,45.0,,Two-Year,No
519,28,Female,69.0,1492.0,Two-Year,No
520,18,Male,35.0,1132.0,Monthly,No
521,57,Male,34.0,850.0,Monthly,Yes
522,47,Female,50.0,1320.0,Two-Year,No
523,69,Male,33.0,1218.0,Yearly,Yes
524,43,Male,55.0,1156.0,Monthly,No
525,53,Male,66.0,1200.0,Monthly,Yes
526,32,Female,1.0,495.0,Yearly,No
527,30,Female,31.0,672.0,Yearly,No
528,34,Female,55.0,1173.0,Two-Year,No
529,32,Female,12.0,1503.0,Yearly,Yes
530,68,Male,1.0,288.0,Two-Year,No
531,21,Male,25.0,721.0,Two-Year,No
532,31,Male,17.0,,Monthly,Yes
533,64,Female,68.0,1425.0,Yearly,Yes
534,41,Female,6.0,1933.0,Monthly,Yes
535,32,Male,66.0,1627.0,Monthly,Yes
536,42,Female,10.0,654.0,Monthly,Yes
537,30,Female,12.0,858.0,Yearly,Yes
538,41,Male,41.0,621.0,Two-Year,No
539,39,Male,11.0,1691.0,Monthly,Yes
540,40,Female,16.0,333.0,Two-Year,Yes
541,51,Male,65.0,1386.0,Monthly,No
542,60,Female,64.0,705.0,Two-Year,No
543,53,Male,50.0,1834.0,Yearly,No
544,41,Male,72.0,1868.0,Yearly,Yes
545,68,Male,45.0,283.0,Monthly,No
546,51,Female,11.0,755.0,Two-Year,Yes
547,49,Male,7.0,847.0,Monthly,Yes
548,28,Female,69.0,287.0,Monthly,No
549,48,Male,6.0,1577.0,Two-Year,No
550,27,Female,2.0,1690.0,Two-Year,No
551,61,Male,13.0,1895.0,Yearly,Yes
552,45,Female,31.0,1214.0,Monthly,No
553,28,Male,25.0,1351.0,Monthly,No
554,35,Male,68.0,820.0,Yearly,No
555,70,Female,50.0,1979.0,Two-Year,No
556,23,Female,31.0,974.0,Monthly,No
557,70,Male,39.0,901.0,Two-Year,No
558,41,Female,41.0,937.0,Two-Year,Yes
559,63,Male,13.0,,Yearly,Yes
560,25,Female,9.0,903.0,Yearly,No
561,39,Female,44.0,1563.0,Yearly,Yes
562,67,Male,3.0,1908.0,Yearly,No
563,24,Female,54.0,828.0,Two-Year,No
564,45,Male,50.0,1665.0,Two-Year,No
565,46,Female,10.0,275.0,Two-Year,No
566,63,Female,5.0,208.0,Two-Year,No
567,34,Male,,1181.0,Monthly,Yes
568,23,Male,57.0,683.0,Monthly,No
569,61,Female,15.0,1487.0,Yearly,No
570,37,Male,13.0,571.0,Two-Year,Yes
571,57,Male,66.0,1713.0,Two-Year,No
572,31,Female,65.0,968.0,Two-Year,No
573,65,Male,55.0,1480.0,Yearly,No
574,70,Male,53.0,846.0,Two-Year,No
575,37,Female,34.0,385.0,Yearly,No
576,44,Male,10.0,381.0,Two-Year,No
577,26,Female,5.0,988.0,Monthly,Yes
578,49,Male,53.0,1357.0,Two-Year,No
579,19,Female,11.0,1407.0,Two-Year,Yes
580,70,Female,40.0,1246.0,Yearly,Yes
581,63,Male,35.0,1865.0,Monthly,Yes
582,49,Female,11.0,1772.0,Two-Year,No
583,46,Male,,,Two-Year,No
584,25,Female,64.0,1875.0,Two-Year,No
585,60,Male,61.0,1026.0,Monthly,No
586,51,Female,20.0,694.0,Monthly,No
587,48,Male,23.0,307.0,Yearly,Yes
588,26,Female,8.0,1248.0,Two-Year,No
589,35,Female,32.0,995.0,Monthly,No
590,63,Female,57.0,429.0,Monthly,Yes
591,67,Female,37.0,1592.0,Yearly,No
592,54,Female,58.0,1568.0,Yearly,No
593,35,Male,63.0,1335.0,Yearly,Yes
594,46,Male,21.0,549.0,Monthly,Yes
595,38,Female,,1889.0,Two-Year,No
596,25,Male,2.0,883.0,Two-Year,Yes
597,32,Male,55.0,756.0,Yearly,No
598,35,Female,66.0,1898.0,Two-Year,No
599,38,Female,,1262.0,Monthly,Yes
600,60,Male,46.0,1299.0,Yearly,No
601,62,Female,66.0,1261.0,Monthly,No
602,63,Male,6.0,1537.0,Yearly,No
603,45,Female,71.0,1788.0,Two-Year,No
604,48,Female,62.0,1797.0,Monthly,Yes
605,65,Female,9.0,1801.0,Two-Year,No
606,38,Male,42.0,510.0,Monthly,Yes
607,21,Male,38.0,1409.0,Two-Year,No
608,45,Female,2.0,308.0,Yearly,No
609,27,Male,9.0,353.0,Monthly,Yes
610,20,Male,17.0,,Yearly,Yes
611,37,Female,54.0,490.0,Monthly,No
612,30,Male,17.0,1265.0,Two-Year,No
613,44,Female,37.0,1752.0,Yearly,No
614,55,Male,43.0,1106.0,Monthly,No
615,48,Female,11.0,1181.0,Two-Year,No
616,54,Female,40.0,258.0,Two-Year,No
617,22,Female,58.0,1802.0,Two-Year,No
618,38,Male,39.0,329.0,Monthly,Yes
619,38,Female,21.0,,Monthly,Yes
620,35,Female,56.0,650.0,Monthly,No
621,19,Male,7.0,663.0,Yearly,Yes
622,34,Female,57.0,672.0,Two-Year,No
623,39,Male,7.0,994.0,Two-Year,Yes
624,67,Female,48.0,1188.0,Two-Year,No
625,53,Female,36.0,1482.0,Two-Year,Yes
626,55,Female,24.0,1001.0,Two-Year,No
627,33,Male,39.0,1875.0,Two-Year,No
628,22,Male,40.0,1828.0,Yearly,No
629,66,Female,28.0,922.0,Monthly,Yes
630,59,Female,35.0,889.0,Two-Year,No
631,59,Male,72.0,1798.0,Two-Year,No
632,61,Male,58.0,1935.0,Two-Year,No
633,19,Male,17.0,,Monthly,No
634,39,Female,51.0,590.0,Monthly,No
635,35,Female,40.0,946.0,Monthly,Yes
636,20,Female,36.0,983.0,Yearly,Yes
637,70,Male,32.0,900.0,Monthly,No
638,49,Female,29.0,1694.0,Yearly,No
639,42,Female,2.0,649.0,Two-Year,No
640,37,Female,67.0,586.0,Two-Year,No
641,49,Male,62.0,1426.0,Monthly,Yes
642,20,Female,39.0,253.0,Monthly,No
643,68,Male,58.0,1132.0,Monthly,No
644,22,Male,50.0,670.0,Two-Year,No
645,64,Male,70.0,691.0,Yearly,Yes
646,37,Female,18.0,1302.0,Monthly,No
647,36,Female,24.0,459.0,Two-Year,No
648,28,Female,15.0,1946.0,Monthly,Yes
649,46,Male,26.0,,Two-Year,No
650,48,Male,71.0,1106.0,Monthly,No
651,58,Male,31.0,401.0,Yearly,No
652,69,Female,61.0,996.0,Two-Year,No
653,47,Male,59.0,465.0,Yearly,No
654,54,Male,49.0,680.0,Two-Year,No
655,62,Male,34.0,306.0,Two-Year,No
656,61,Male,6.0,1903.0,Monthly,Yes
657,21,Female,26.0,1370.0,Yearly,Yes
658,23,Female,29.0,1292.0,Yearly,Yes
659,55,Male,48.0,691.0,Two-Year,No
660,35,Female,19.0,1760.0,Yearly,Yes
661,58,Female,36.0,1513.0,Yearly,Yes
662,50,Male,5.0,669.0,Monthly,Yes
663,32,Male,47.0,516.0,Two-Year,No
664,45,Male,60.0,1584.0,Monthly,Yes
665,27,Female,41.0,1677.0,Two-Year,No
666,18,Male,4.0,269.0,Yearly,Yes
667,37,Male,62.0,1395.0,Yearly,No
668,62,Female,1.0,1056.0,Two-Year,Yes
669,52,Female,49.0,2000.0,Two-Year,No
670,21,Male,50.0,355.0,Two-Year,No
671,43,Female,49.0,1988.0,Two-Year,Yes
672,56,Female,5.0,1721.0,Yearly,Yes
673,26,Female,36.0,488.0,Two-Year,No
674,47,Female,28.0,906.0,Monthly,No
675,47,Female,53.0,748.0,Monthly,No
676,39,Female,43.0,1015.0,Monthly,No
677,68,Female,1.0,1628.0,Yearly,No
678,64,Male,13.0,1098.0,Yearly,No
679,27,Male,30.0,698.0,Monthly,Yes
680,57,Female,8.0,,Yearly,No
681,65,Female,51.0,924.0,Two-Year,No
682,45,Male,13.0,1290.0,Monthly,No
683,22,Female,49.0,1887.0,Two-Year,No
684,26,Male,19.0,449.0,Two-Year,No
685,33,Male,,1653.0,Monthly,Yes
686,56,Female,35.0,1410.0,Two-Year,Yes
687,61,Male,41.0,1445.0,Yearly,Yes
688,50,Male,42.0,1303.0,Yearly,No
689,47,Male,60.0,1768.0,Monthly,No
690,61,Female,15.0,1173.0,Yearly,Yes
691,41,Male,13.0,691.0,Two-Year,No
692,68,Male,46.0,1653.0,Two-Year,Yes
693,30,Male,35.0,1148.0,Monthly,Yes
694,66,Female,11.0,1677.0,Two-Year,No
695,55,Male,1.0,1267.0,Monthly,Yes
696,66,Male,3.0,1554.0,Yearly,Yes
697,60,Male,59.0,1626.0,Monthly,No
698,34,Female,51.0,1264.0,Two-Year,No
699,45,Female,53.0,901.0,Two-Year,No
700,43,Female,6.0,965.0,Monthly,Yes
701,19,Male,41.0,1951.0,Monthly,Yes
702,30,Female,,1662.0,Yearly,No
703,66,Male,6.0,1507.0,Two-Year,Yes
704,63,Male,43.0,1662.0,Monthly,No
705,42,Male,14.0,1803.0,Yearly,No
706,34,Female,38.0,749.0,Yearly,Yes
707,51,Male,32.0,981.0,Yearly,No
708,25,Female,5.0,1902.0,Two-Year,No
709,44,Female,26.0,501.0,Two-Year,No
710,19,Female,7.0,1526.0,Two-Year,No
711,48,Male,69.0,1737.0,Yearly,No
712,26,Male,32.0,445.0,Monthly,Yes
713,42,Male,62.0,546.0,Yearly,Yes
714,62,Female,49.0,1001.0,Two-Year,No
715,58,Male,16.0,433.0,Two-Year,Yes
716,29,Female,36.0,996.0,Yearly,No
717,56,Female,19.0,841.0,Monthly,No
718,29,Female,71.0,1497.0,Yearly,No
719,69,Male,34.0,462.0,Yearly,Yes
720,19,Female,71.0,1201.0,Monthly,Yes
721,29,Female,40.0,784.0,Monthly,Yes
722,25,Male,61.0,1720.0,Yearly,No
723,19,Male,38.0,296.0,Yearly,No
724,33,Male,68.0,737.0,Monthly,Yes
725,32,Male,8.0,1688.0,Yearly,No
726,59,Male,58.0,631.0,Yearly,No
727,64,Female,25.0,1138.0,Monthly,No
728,58,Female,22.0,234.0,Yearly,Yes
729,59,Female,14.0,,Monthly,No
730,44,Female,27.0,1845.0,Yearly,No
731,67,Female,4.0,1815.0,Yearly,Yes
732,18,Male,65.0,414.0,Monthly,Yes
733,29,Female,67.0,1587.0,Yearly,No
734,33,Female,43.0,1155.0,Yearly,No
735,68,Female,5.0,814.0,Yearly,No
736,22,Female,62.0,217.0,Yearly,No
737,56,Female,,1006.0,Yearly,Yes
738,59,Female,25.0,1909.0,Yearly,Yes
739,64,Male,40.0,446.0,Monthly,No
740,37,Male,22.0,1274.0,Yearly,No
741,31,Male,39.0,1906.0,Yearly,Yes
742,57,Male,42.0,,Yearly,No
743,54,Male,71.0,787.0,Monthly,Yes
744,60,Female,2.0,1910.0,Monthly,Yes
745,37,Male,50.0,1281.0,Monthly,No
746,22,Male,13.0,299.0,Monthly,No
747,27,Male,72.0,1578.0,Monthly,Yes
748,46,Female,13.0,980.0,Yearly,Yes
749,45,Female,33.0,1953.0,Yearly,No
750,63,Male,42.0,700.0,Two-Year,No
751,56,Male,65.0,826.0,Yearly,Yes
752,22,Male,,1155.0,Monthly,Yes
753,38,Male,47.0,1463.0,Yearly,No
754,25,Female,45.0,997.0,Yearly,Yes
755,47,Male,24.0,1052.0,Monthly,Yes
756,57,Male,42.0,301.0,Monthly,Yes
757,33,Male,27.0,1513.0,Yearly,Yes
758,47,Female,29.0,1587.0,Monthly,Yes
759,64,Female,64.0,1008.0,Monthly,No
760,21,Male,2.0,610.0,Two-Year,No
761,66,Female,4.0,853.0,Yearly,No
762,36,Male,28.0,570.0,Two-Year,No
763,31,Female,47.0,503.0,Yearly,No
764,33,Female,66.0,776.0,Two-Year,No
765,39,Female,55.0,767.0,Two-Year,No
766,70,Male,42.0,1635.0,Two-Year,No
767,61,Male,45.0,714.0,Two-Year,No
768,48,Male,27.0,876.0,Two-Year,No
769,67,Female,65.0,1925.0,Yearly,No
770,70,Female,1.0,1348.0,Two-Year,Yes
771,69,Male,21.0,1052.0,Two-Year,Yes
772,64,Female,40.0,933.0,Two-Year,Yes
773,19,Male,18.0,405.0,Monthly,Yes
774,68,Female,44.0,909.0,Monthly,No
775,20,Male,,1741.0,Two-Year,No
776,20,Male,19.0,407.0,Two-Year,Yes
777,18,Female,30.0,1031.0,Monthly,Yes
778,43,Female,50.0,1856.0,Yearly,No
779,45,Male,5.0,1343.0,Yearly,Yes
780,38,Male,70.0,1547.0,Yearly,No
781,51,Male,22.0,1086.0,Monthly,Yes
782,33,Male,35.0,610.0,Monthly,No
783,25,Male,32.0,380.0,Monthly,No
784,28,Male,63.0,464.0,Yearly,Yes
785,55,Female,42.0,1797.0,Yearly,No
786,25,Female,17.0,1521.0,Monthly,Yes
787,63,Female,53.0,1098.0,Yearly,No
788,20,Male,23.0,1735.0,Two-Year,No
789,51,Female,53.0,,Monthly,Yes
790,40,Female,63.0,450.0,Monthly,No
791,32,Male,30.0,1719.0,Two-Year,No
792,61,Male,53.0,1025.0,Monthly,Yes
793,29,Male,3.0,1305.0,Monthly,Yes
794,48,Male,6.0,318.0,Monthly,Yes
795,22,Male,50.0,680.0,Yearly,Yes
796,55,Male,53.0,1565.0,Yearly,Yes
797,20,Male,68.0,1960.0,Yearly,Yes
798,69,Male,35.0,1142.0,Monthly,No
799,48,Female,4.0,1997.0,Yearly,Yes
800,33,Female,31.0,1110.0,Monthly,No
801,19,Female,42.0,650.0,Two-Year,No
802,19,Male,67.0,1910.0,Yearly,No
803,26,Male,31.0,1957.0,Monthly,No
804,53,Male,27.0,764.0,Monthly,Yes
805,55,Female,51.0,926.0,Yearly,Yes
806,24,Male,33.0,1841.0,Two-Year,No
807,25,Female,37.0,310.0,Two-Year,No
808,22,Male,31.0,770.0,Yearly,Yes
809,67,Male,55.0,864.0,Yearly,No
810,31,Male,34.0,1210.0,Yearly,No
811,55,Male,35.0,339.0,Monthly,No
812,40,Female,27.0,847.0,Monthly,No
813,39,Female,63.0,1162.0,Two-Year,No
814,57,Female,36.0,652.0,Monthly,No
815,32,Male,7.0,1693.0,Monthly,Yes
816,31,Female,25.0,,Two-Year,No
817,57,Male,29.0,302.0,Yearly,No
818,68,Male,39.0,1271.0,Monthly,Yes
819,39,Male,55.0,1079.0,Monthly,No
820,55,Male,14.0,1749.0,Two-Year,No
821,20,Female,13.0,1408.0,Two-Year,Yes
822,53,Male,68.0,821.0,Monthly,Yes
823,42,Female,45.0,1795.0,Monthly,Yes
824,66,Female,17.0,1723.0,Yearly,No
825,54,Female,30.0,1641.0,Yearly,Yes
826,50,Male,,876.0,Yearly,No
827,52,Female,43.0,800.0,Two-Year,No
828,62,Female,56.0,751.0,Monthly,No
829,54,Male,1.0,690.0,Yearly,No
830,43,Male,69.0,1570.0,Yearly,No
831,67,Male,2.0,800.0,Two-Year,No
832,50,Male,70.0,1568.0,Monthly,Yes
833,52,Female,1.0,1239.0,Two-Year,Yes
834,27,Female,14.0,523.0,Yearly,Yes
835,47,Female,72.0,763.0,Monthly,No
836,68,Male,,1621.0,Two-Year,No
837,40,Female,64.0,590.0,Yearly,Yes
838,32,Female,33.0,828.0,Monthly,Yes
839,31,Female,29.0,1904.0,Two-Year,No
840,63,Male,28.0,547.0,Yearly,No
841,65,Female,12.0,1092.0,Two-Year,No
842,48,Male,53.0,571.0,Monthly,No
843,64,Male,,248.0,Monthly,No
844,65,Female,2.0,,Two-Year,No
845,34,Male,48.0,344.0,Two-Year,No
846,26,Male,25.0,1347.0,Yearly,No
847,42,Male,46.0,742.0,Yearly,No
848,58,Male,72.0,1711.0,Monthly,No
849,43,Male,53.0,1722.0,Monthly,Yes
850,23,Male,10.0,211.0,Two-Year,Yes
851,44,Male,65.0,1576.0,Yearly,Yes
852,28,Female,1.0,242.0,Two-Year,No
853,19,Male,32.0,1126.0,Monthly,Yes
854,42,Female,43.0,493.0,Yearly,Yes
855,48,Male,51.0,868.0,Yearly,No
856,27,Female,57.0,1819.0,Two-Year,No
857,66,Male,16.0,569.0,Yearly,Yes
858,21,Male,29.0,829.0,Two-Year,No
859,37,Female,60.0,1881.0,Two-Year,No
860,70,Female,39.0,1440.0,Two-Year,No
861,18,Male,10.0,1893.0,Yearly,No
862,24,Male,17.0,1251.0,Yearly,No
863,53,Male,15.0,591.0,Yearly,No
864,36,Female,68.0,866.0,Yearly,No
865,56,Male,47.0,1823.0,Monthly,Yes
866,27,Female,,1949.0,Yearly,Yes
867,32,Female,63.0,1224.0,Two-Year,No
868,67,Female,23.0,1433.0,Monthly,No
869,58,Male,44.0,511.0,Monthly,Yes
870,18,Male,38.0,643.0,Two-Year,No
871,56,Female,27.0,417.0,Yearly,No
872,47,Female,30.0,662.0,Yearly,Yes
873,40,Female,60.0,232.0,Two-Year,No
874,47,Male,54.0,,Monthly,Yes
875,55,Male,49.0,763.0,Monthly,Yes
876,38,Female,20.0,396.0,Monthly,Yes
877,58,Male,54.0,1112.0,Monthly,Yes
878,66,Male,24.0,621.0,Two-Year,Yes
879,64,Female,4.0,956.0,Yearly,Yes
880,36,Male,52.0,1143.0,Two-Year,No
881,67,Female,,1702.0,Yearly,No
882,67,Female,71.0,872.0,Monthly,No
883,44,Male,15.0,1299.0,Yearly,No
884,54,Female,1.0,1005.0,Yearly,No
885,19,Female,45.0,1992.0,Yearly,Yes
886,25,Male,34.0,669.0,Monthly,Yes
887,47,Male,12.0,819.0,Two-Year,Yes
888,25,Male,37.0,,Two-Year,No
889,23,Male,,1189.0,Two-Year,Yes
890,48,Female,45.0,1996.0,Monthly,Yes
891,69,Female,62.0,1262.0,Monthly,No
892,52,Female,25.0,275.0,Monthly,No
893,26,Male,69.0,852.0,Monthly,Yes
894,27,Female,35.0,502.0,Yearly,No
895,19,Female,9.0,837.0,Monthly,Yes
896,49,Female,69.0,1486.0,Yearly,No
897,64,Male,1.0,446.0,Monthly,Yes
898,54,Female,44.0,598.0,Yearly,Yes
899,19,Male,33.0,1529.0,Monthly,No
900,45,Male,32.0,1502.0,Yearly,No
901,19,Male,52.0,746.0,Two-Year,No
902,48,Female,65.0,798.0,Yearly,Yes
903,56,Male,66.0,1716.0,Two-Year,No
904,47,Male,40.0,505.0,Two-Year,No
905,32,Female,27.0,925.0,Yearly,No
906,37,Male,39.0,815.0,Monthly,Yes
907,33,Male,26.0,1563.0,Yearly,No
908,19,Female,,1101.0,Monthly,Yes
909,65,Male,32.0,590.0,Yearly,Yes
910,28,Male,13.0,401.0,Two-Year,Yes
911,42,Female,70.0,808.0,Yearly,Yes
912,24,Female,3.0,567.0,Yearly,No
913,64,Male,,1219.0,Yearly,Yes
914,40,Male,7.0,317.0,Two-Year,No
915,67,Male,28.0,811.0,Two-Year,Yes
916,58,Male,31.0,,Yearly,No
917,62,Female,62.0,1638.0,Two-Year,No
918,50,Male,15.0,738.0,Monthly,No
919,53,Female,7.0,1409.0,Yearly,Yes
920,36,Female,35.0,1347.0,Yearly,Yes
921,43,Female,35.0,620.0,Two-Year,No
922,57,Female,40.0,1957.0,Yearly,No
923,19,Male,15.0,1264.0,Yearly,No
924,49,Male,33.0,502.0,Two-Year,No
925,57,Male,35.0,948.0,Monthly,Yes
926,33,Female,61.0,1692.0,Monthly,No
927,41,Male,65.0,639.0,Monthly,Yes
928,49,Female,5.0,957.0,Monthly,Yes
929,52,Female,,1978.0,Yearly,Yes
930,43,Female,46.0,1479.0,Two-Year,No
931,19,Male,23.0,583.0,Yearly,No
932,69,Female,8.0,1155.0,Two-Year,No
933,56,Female,20.0,786.0,Yearly,No
934,45,Male,23.0,1523.0,Two-Year,No
935,52,Female,22.0,797.0,Monthly,Yes
936,58,Male,5.0,1249.0,Two-Year,No
937,60,Male,,753.0,Monthly,No
938,36,Female,54.0,986.0,Two-Year,No
939,27,Male,53.0,442.0,Monthly,Yes
940,59,Male,48.0,619.0,Yearly,No
941,61,Male,51.0,1834.0,Two-Year,No
942,19,Male,22.0,1694.0,Monthly,No
943,42,Female,8.0,1356.0,Monthly,Yes
944,29,Female,14.0,810.0,Yearly,No
945,61,Female,50.0,1050.0,Yearly,No
946,68,Female,48.0,1327.0,Monthly,Yes
947,42,Male,72.0,1611.0,Yearly,Yes
948,70,Male,20.0,819.0,Monthly,Yes
949,62,Female,3.0,1299.0,Yearly,Yes
950,59,Male,22.0,291.0,Two-Year,Yes
951,35,Female,61.0,1192.0,Monthly,Yes
952,68,Female,52.0,1570.0,Monthly,Yes
953,50,Female,,934.0,Monthly,No
954,44,Male,26.0,1531.0,Two-Year,No
955,67,Male,17.0,1787.0,Yearly,No
956,64,Female,49.0,1231.0,Two-Year,No
957,39,Male,45.0,1630.0,Two-Year,No
958,43,Female,16.0,645.0,Two-Year,No
959,22,Male,63.0,1042.0,Yearly,Yes
960,37,Male,44.0,1932.0,Yearly,No
961,30,Female,2.0,1553.0,Monthly,Yes
962,64,Male,34.0,1647.0,Monthly,Yes
963,27,Female,57.0,1342.0,Two-Year,No
964,53,Male,,1717.0,Yearly,No
965,36,Female,61.0,1116.0,Monthly,No
966,35,Female,66.0,811.0,Yearly,Yes
967,61,Female,15.0,207.0,Yearly,Yes
968,60,Male,66.0,1296.0,Monthly,Yes
969,38,Female,55.0,743.0,Yearly,No
970,42,Female,,1117.0,Monthly,Yes
971,38,Male,12.0,,Two-Year,Yes
972,31,Female,52.0,297.0,Two-Year,No
973,46,Female,33.0,621.0,Two-Year,No
974,39,Female,39.0,1278.0,Yearly,No
975,19,Female,21.0,1364.0,Two-Year,Yes
976,23,Female,1.0,273.0,Two-Year,No
977,28,Male,5.0,1814.0,Two-Year,Yes
978,40,Male,17.0,676.0,Monthly,No
979,69,Female,52.0,891.0,Yearly,No
980,27,Female,51.0,,Monthly,Yes
981,23,Male,19.0,456.0,Monthly,Yes
982,43,Male,15.0,284.0,Two-Year,No
983,58,Female,2.0,1916.0,Yearly,No
984,48,Male,5.0,367.0,Yearly,Yes
985,52,Male,2.0,1551.0,Two-Year,Yes
986,20,Male,39.0,499.0,Yearly,No
987,36,Male,67.0,1173.0,Monthly,No
988,51,Female,22.0,212.0,Yearly,Yes
989,23,Male,17.0,1447.0,Yearly,Yes
990,29,Female,44.0,1593.0,Yearly,No
991,60,Female,12.0,1971.0,Two-Year,Yes
992,50,Male,2.0,1246.0,Two-Year,No
993,30,Male,70.0,1329.0,Monthly,Yes
994,32,Female,65.0,1663.0,Two-Year,No
995,37,Male,,378.0,Monthly,No
996,56,Female,33.0,1688.0,Monthly,No
997,35,Female,52.0,1458.0,Yearly,No
998,48,Male,12.0,381.0,Yearly,No
999,50,Female,9.0,,Monthly,Yes
1000,24,Female,,376.0,Two-Year,No
1001,37,Female,68.0,961.0,Two-Year,No
1002,36,Male,10.0,1692.0,Monthly,No
1003,69,Male,20.0,1258.0,Two-Year,Yes
1004,58,Male,23.0,1563.0,Yearly,No
1005,24,Female,34.0,1464.0,Two-Year,No
1006,70,Male,51.0,1003.0,Monthly,No
1007,43,Female,3.0,,Yearly,Yes
1008,34,Male,15.0,1346.0,Two-Year,No
1009,50,Female,69.0,895.0,Two-Year,No
1010,60,Male,61.0,837.0,Yearly,No
1011,28,Male,38.0,,Monthly,No
1012,42,Female,58.0,1138.0,Yearly,No
1013,28,Female,,1227.0,Two-Year,Yes
1014,35,Male,,1070.0,Yearly,Yes
1015,49,Female,44.0,746.0,Two-Year,No
1016,38,Male,65.0,1914.0,Yearly,No
1017,66,Male,10.0,1774.0,Monthly,Yes
1018,53,Female,43.0,1060.0,Two-Year,No
1019,31,Male,1.0,345.0,Yearly,Yes
1020,27,Female,44.0,411.0,Two-Year,No
1021,64,Female,15.0,853.0,Two-Year,Yes
1022,24,Female,59.0,1937.0,Two-Year,No
1023,35,Female,12.0,1974.0,Two-Year,No
1024,29,Male,35.0,723.0,Yearly,No
1025,21,Male,31.0,1444.0,Monthly,No
1026,18,Female,41.0,1891.0,Yearly,No
1027,55,Male,39.0,348.0,Monthly,No
1028,39,Female,44.0,,Yearly,No
1029,62,Female,35.0,217.0,Monthly,Yes
1030,59,Male,50.0,1366.0,Yearly,Yes
1031,37,Male,16.0,1785.0,Two-Year,No
1032,70,Female,69.0,607.0,Two-Year,Yes
1033,26,Male,12.0,1281.0,Two-Year,Yes
1034,30,Female,35.0,648.0,Monthly,Yes
1035,55,Male,71.0,217.0,Yearly,Yes
1036,22,Male,71.0,1119.0,Monthly,No
1037,43,Male,38.0,1794.0,Yearly,Yes
1038,49,Male,62.0,1576.0,Yearly,No
1039,64,Female,61.0,575.0,Yearly,No
1040,54,Female,24.0,929.0,Two-Year,No
1041,22,Male,62.0,814.0,Yearly,Yes
1042,29,Female,64.0,1828.0,Yearly,No
1043,25,Male,41.0,1511.0,Monthly,No
1044,66,Male,68.0,1635.0,Monthly,No
1045,29,Male,42.0,543.0,Monthly,Yes
1046,20,Female,19.0,287.0,Two-Year,No
1047,57,Male,54.0,1672.0,Two-Year,No
1048,29,Female,26.0,744.0,Yearly,Yes
1049,38,Male,,1744.0,Monthly,Yes
1050,67,Male,4.0,1146.0,Two-Year,No
1051,65,Female,12.0,336.0,Monthly,No
1052,27,Female,22.0,1064.0,Yearly,No
1053,24,Female,46.0,636.0,Yearly,No
1054,70,Male,19.0,893.0,Two-Year,No
1055,66,Female,53.0,1238.0,Yearly,Yes
1056,56,Female,62.0,1703.0,Two-Year,No
1057,58,Female,48.0,1525.0,Monthly,No
1058,22,Female,36.0,590.0,Monthly,Yes
1059,59,Female,21.0,886.0,Monthly,No
1060,61,Male,49.0,1377.0,Two-Year,No
1061,48,Female,61.0,429.0,Yearly,Yes
1062,41,Female,30.0,1029.0,Monthly,Yes
1063,45,Male,31.0,1879.0,Yearly,No
1064,30,Female,65.0,,Monthly,No
1065,22,Male,50.0,1589.0,Two-Year,No
1066,23,Female,43.0,1445.0,Monthly,No
1067,46,Male,56.0,,Yearly,No
1068,50,Female,31.0,1120.0,Two-Year,No
1069,51,Female,54.0,358.0,Yearly,Yes
1070,43,Male,34.0,602.0,Yearly,Yes
1071,27,Male,16.0,1659.0,Yearly,No
1072,60,Male,8.0,342.0,Monthly,Yes
1073,39,Male,,,Monthly,Yes
1074,28,Male,48.0,616.0,Yearly,Yes
1075,44,Female,51.0,1442.0,Monthly,No
1076,36,Female,37.0,419.0,Two-Year,No
1077,59,Female,68.0,1621.0,Two-Year,No
1078,52,Male,31.0,885.0,Monthly,No
1079,21,Male,7.0,1954.0,Two-Year,No
1080,65,Male,20.0,1419.0,Yearly,Yes
1081,60,Female,12.0,961.0,Monthly,Yes
1082,56,Female,48.0,1846.0,Two-Year,No
1083,25,Male,51.0,1422.0,Yearly,Yes
1084,42,Female,8.0,915.0,Two-Year,Yes
1085,37,Female,11.0,325.0,Yearly,Yes
1086,48,Female,20.0,1979.0,Two-Year,No
1087,38,Female,42.0,409.0,Two-Year,No
1088,55,Female,17.0,625.0,Two-Year,No
1089,27,Male,54.0,1271.0,Yearly,Yes
1090,50,Female,35.0,1003.0,Yearly,Yes
1091,65,Male,7.0,415.0,Two-Year,No
1092,67,Male,25.0,1090.0,Monthly,Yes
1093,54,Male,39.0,1458.0,Yearly,Yes
1094,39,Female,45.0,997.0,Yearly,Yes
1095,36,Male,41.0,411.0,Two-Year,No
1096,19,Female,27.0,573.0,Two-Year,No
1097,22,Female,64.0,1010.0,Two-Year,No
1098,38,Male,3.0,389.0,Monthly,Yes
1099,25,Female,34.0,,Monthly,No
1100,39,Female,,1523.0,Yearly,Yes
1101,20,Female,69.0,629.0,Yearly,Yes
1102,44,Female,22.0,1833.0,Two-Year,Yes
1103,63,Female,12.0,1012.0,Yearly,Yes
1104,37,Male,19.0,413.0,Two-Year,Yes
1105,50,Male,37.0,449.0,Yearly,Yes
1106,27,Male,53.0,519.0,Yearly,Yes
1107,54,Female,37.0,1500.0,Yearly,Yes
1108,62,Female,53.0,557.0,Yearly,No
1109,38,Male,31.0,993.0,Monthly,No
1110,30,Male,,1381.0,Yearly,Yes
1111,43,Female,44.0,1581.0,Two-Year,No
1112,68,Male,33.0,1102.0,Monthly,Yes
1113,18,Female,62.0,1835.0,Monthly,No
1114,66,Male,46.0,1141.0,Monthly,Yes
1115,34,Male,66.0,253.0,Two-Year,No
1116,29,Female,18.0,1135.0,Two-Year,No
1117,69,Male,18.0,1131.0,Yearly,Yes
1118,38,Female,27.0,1052.0,Monthly,No
1119,63,Female,7.0,1796.0,Two-Year,Yes
1120,18,Female,31.0,739.0,Yearly,Yes
1121,37,Female,22.0,1755.0,Two-Year,No
1122,38,Male,47.0,1198.0,Monthly,Yes
1123,23,Male,60.0,940.0,Two-Year,No
1124,67,Female,5.0,997.0,Yearly,No
1125,25,Female,13.0,286.0,Two-Year,No
1126,21,Female,27.0,643.0,Two-Year,No
1127,64,Female,7.0,419.0,Monthly,Yes
1128,42,Male,61.0,1649.0,Two-Year,No
1129,61,Female,45.0,307.0,Two-Year,No
1130,41,Male,33.0,322.0,Monthly,No
1131,60,Male,46.0,1371.0,Monthly,No
1132,38,Male,,1228.0,Two-Year,No
1133,23,Male,54.0,467.0,Yearly,No
1134,62,Female,45.0,738.0,Monthly,No
1135,38,Male,53.0,1130.0,Two-Year,No
1136,54,Female,15.0,1368.0,Monthly,No
1137,33,Male,3.0,321.0,Two-Year,No
1138,55,Female,37.0,903.0,Yearly,No
1139,54,Male,69.0,333.0,Yearly,Yes
1140,60,Female,66.0,991.0,Yearly,Yes
1141,30,Male,43.0,423.0,Two-Year,No
1142,21,Female,21.0,498.0,Yearly,No
1143,26,Female,72.0,370.0,Two-Year,No
1144,50,Female,28.0,963.0,Two-Year,No
1145,54,Male,51.0,1915.0,Monthly,Yes
1146,20,Male,14.0,214.0,Monthly,Yes
1147,21,Female,37.0,1740.0,Two-Year,No
1148,70,Female,20.0,1926.0,Monthly,Yes
1149,36,Female,25.0,614.0,Yearly,No
1150,69,Male,45.0,758.0,Monthly,Yes
1151,68,Male,66.0,670.0,Two-Year,No
1152,44,Male,19.0,1119.0,Yearly,No
1153,48,Female,31.0,1547.0,Monthly,Yes
1154,58,Male,26.0,812.0,Yearly,No
1155,42,Female,70.0,,Monthly,Yes
1156,68,Female,44.0,459.0,Monthly,Yes
1157,58,Female,17.0,555.0,Two-Year,Yes
1158,45,Female,55.0,253.0,Monthly,No
1159,29,Female,44.0,1477.0,Monthly,Yes
1160,27,Male,24.0,525.0,Two-Year,No
1161,51,Male,17.0,1476.0,Monthly,No
1162,18,Male,67.0,1673.0,Monthly,Yes
1163,42,Male,66.0,763.0,Two-Year,No
1164,43,Female,6.0,983.0,Monthly,No
1165,38,Male,51.0,321.0,Monthly,No
1166,48,Female,45.0,1790.0,Two-Year,No
1167,36,Male,72.0,746.0,Two-Year,No
1168,48,Male,40.0,376.0,Two-Year,No
1169,46,Female,13.0,1606.0,Two-Year,No
1170,30,Male,19.0,1675.0,Two-Year,No
1171,40,Female,65.0,260.0,Yearly,No
1172,31,Female,65.0,1600.0,Monthly,No
1173,49,Female,65.0,966.0,Two-Year,No
1174,43,Male,51.0,770.0,Yearly,Yes
1175,26,Male,69.0,1356.0,Monthly,No
1176,24,Male,29.0,757.0,Monthly,No
1177,28,Female,,1942.0,Monthly,Yes
1178,59,Male,5.0,462.0,Yearly,No
1179,46,Female,9.0,1662.0,Monthly,Yes
1180,51,Male,40.0,1513.0,Two-Year,No
1181,33,Male,15.0,870.0,Yearly,No
1182,21,Male,34.0,635.0,Yearly,Yes
1183,39,Male,29.0,1046.0,Yearly,No
1184,56,Female,48.0,1083.0,Monthly,Yes
1185,25,Female,43.0,989.0,Monthly,Yes
1186,70,Female,18.0,322.0,Two-Year,No
1187,49,Male,51.0,1321.0,Monthly,No
1188,67,Male,37.0,1427.0,Monthly,No
1189,51,Male,55.0,1977.0,Yearly,Yes
1190,61,Male,46.0,1077.0,Monthly,Yes
1191,69,Male,55.0,1451.0,Yearly,Yes
1192,25,Male,3.0,1398.0,Two-Year,Yes
1193,28,Female,71.0,1459.0,Yearly,Yes
1194,54,Female,18.0,1067.0,Yearly,Yes
1195,30,Male,47.0,1725.0,Yearly,No
1196,61,Male,25.0,1293.0,Two-Year,Yes
1197,69,Female,52.0,1843.0,Two-Year,Yes
1198,18,Female,12.0,754.0,Monthly,No
1199,28,Male,49.0,588.0,Two-Year,No
1200,19,Male,21.0,932.0,Yearly,No
